USE kehilat_israel;

INSERT INTO users (user_id, username, first_name, last_name, pass, email, phone, address, city, state, zip)
VALUES (1000, 'user1', 'יוחנן', 'דויד', 'password1', 'john.doe@example.com', '1234567890', '123 Main St', 'City1', 'State1', '12345'),
       (1001, 'user2', 'יעל', 'כהן', 'password2', 'jane.smith@example.com', '0987654321', '456 Elm St', 'City2', 'State2', '54321'),
       (1002, 'user3', 'מיכאל', 'כהן', 'password3', 'michael.johnson@example.com', '9876543210', '789 Oak St', 'City3', 'State3', '67890'),
       (1003, 'user4', 'אמילי', 'לוי', 'password4', 'emily.brown@example.com', '0123456789', '321 Pine St', 'City4', 'State4', '09876'),
       (1004, 'user5', 'דוד', 'כהן', 'password5', 'david.taylor@example.com', '8765432109', '654 Maple St', 'City5', 'State5', '54321'),
       (1005, 'user6', 'אוליביה', 'כהן', 'password6', 'olivia.miller@example.com', '7654321098', '987 Cedar St', 'City6', 'State6', '67890'),
       (1006, 'user7', 'יעקב', 'כהן', 'password7', 'james.anderson@example.com', '6543210987', '654 Birch St', 'City7', 'State7', '12345'),
       (1007, 'user8', 'שרה', 'כהן', 'password8', 'sophia.wilson@example.com', '5432109876', '321 Oak St', 'City8', 'State8', '54321'),
       (1008, 'user9', 'בנימין', 'כהן', 'password9', 'benjamin.martinez@example.com', '4321098765', '789 Elm St', 'City9', 'State9', '67890'),
       (1009, 'user10', 'אביגיל', 'כהן', 'password10', 'ava.harris@example.com', '3210987654', '123 Pine St', 'City10', 'State10', '09876');

INSERT INTO messages (user_id, message, date, likes, category)
VALUES (1000, "ברוכים הבאים לקהילה!", DATE_ADD(CURDATE(), INTERVAL FLOOR(RAND() * 365) DAY), 0, "ברוכים"),
       (1000, "בואו לראות את האירועים האחרונים שלנו!", DATE_ADD(CURDATE(), INTERVAL FLOOR(RAND() * 365) DAY), 0, "אירועים"),
       (1000, "הצטרפו אלינו לאירוע מיוחד!", DATE_ADD(CURDATE(), INTERVAL FLOOR(RAND() * 365) DAY), 0, "אירועים מיוחדים"),
       (1001, "חדשות מרגשות עבור החברים שלנו!", DATE_ADD(CURDATE(), INTERVAL FLOOR(RAND() * 365) DAY), 0, "חדשות"),
       (1001, "אל תחמיצו הזדמנות זו!", DATE_ADD(CURDATE(), INTERVAL FLOOR(RAND() * 365) DAY), 0, "הזדמנויות"),
       (1001, "גלו דרכים חדשות להשתתף!", DATE_ADD(CURDATE(), INTERVAL FLOOR(RAND() * 365) DAY), 0, "השתתפות"),
       (1002, "נצלו אירוע מיוחד יחד איתנו!", DATE_ADD(CURDATE(), INTERVAL FLOOR(RAND() * 365) DAY), 0, "חגיגות"),
       (1002, "שתפו את דעותיכם ורעיונותיכם!", DATE_ADD(CURDATE(), INTERVAL FLOOR(RAND() * 365) DAY), 0, "רעיונות"),
       (1002, "הצטרפו אלינו לדיון משמעותי!", DATE_ADD(CURDATE(), INTERVAL FLOOR(RAND() * 365) DAY), 0, "דיונים"),
       (1003, "הודעה חשובה לכולם!", DATE_ADD(CURDATE(), INTERVAL FLOOR(RAND() * 365) DAY), 0, "הודעות"),
       (1003, "בואו ניצור השפעה חיובית!", DATE_ADD(CURDATE(), INTERVAL FLOOR(RAND() * 365) DAY), 0, "השפעה"),
       (1003, "יחד, אנחנו יכולים להשיג דברים גדולים!", DATE_ADD(CURDATE(), INTERVAL FLOOR(RAND() * 365) DAY), 0, "הישגים"),
       (1004, "גלו את יופי המסורת שלנו!", DATE_ADD(CURDATE(), INTERVAL FLOOR(RAND() * 365) DAY), 0, "מסורת"),
       (1004, "למדו ממנהיגים המעוררים השראה!", DATE_ADD(CURDATE(), INTERVAL FLOOR(RAND() * 365) DAY), 0, "הנהגה"),
       (1004, "חוו את חמימות הקהילה שלנו!", DATE_ADD(CURDATE(), INTERVAL FLOOR(RAND() * 365) DAY), 0, "קהילה"),
       (1005, "חקרו אופקים חדשים איתנו!", DATE_ADD(CURDATE(), INTERVAL FLOOR(RAND() * 365) DAY), 0, "חקירה"),
       (1005, "התחברו לאנשים דומים לכם!", DATE_ADD(CURDATE(), INTERVAL FLOOR(RAND() * 365) DAY), 0, "חיבורים"),
       (1005, "בואו ניצור מסע של צמיחה!", DATE_ADD(CURDATE(), INTERVAL FLOOR(RAND() * 365) DAY), 0, "צמיחה"),
       (1006, "הצטרפו אלינו לאירוע שלא יישכח!", DATE_ADD(CURDATE(), INTERVAL FLOOR(RAND() * 365) DAY), 0, "אירועים"),
       (1006, "חוו את השמחה של היחדות!", DATE_ADD(CURDATE(), INTERVAL FLOOR(RAND() * 365) DAY), 0, "יחדות"),
       (1006, "צרו זיכרונות שישארו איתכם!", DATE_ADD(CURDATE(), INTERVAL FLOOR(RAND() * 365) DAY), 0, "זיכרונות");

INSERT INTO comments (message_id, user_id, comment, date)
VALUES
    (1, 1007, "נהדר להיות כאן!", DATE_ADD(CURDATE(), INTERVAL FLOOR(RAND() * 365) DAY)),
    (1, 1008, "מצפה לאירועים!", DATE_ADD(CURDATE(), INTERVAL FLOOR(RAND() * 365) DAY)),
    (1, 1009, "ברוכים הבאים לקהילה!", DATE_ADD(CURDATE(), INTERVAL FLOOR(RAND() * 365) DAY)),
    (2, 1007, "מתרגש לראות מה עתיד להגיע!", DATE_ADD(CURDATE(), INTERVAL FLOOR(RAND() * 365) DAY)),
    (2, 1008, "ספרו עליי!", DATE_ADD(CURDATE(), INTERVAL FLOOR(RAND() * 365) DAY)),
    (2, 1009, "מצפה להשתתף!", DATE_ADD(CURDATE(), INTERVAL FLOOR(RAND() * 365) DAY)),
    (3, 1007, "נשמע מעניין!", DATE_ADD(CURDATE(), INTERVAL FLOOR(RAND() * 365) DAY)),
    (3, 1008, "אני לא יכול לחכות להצטרף!", DATE_ADD(CURDATE(), INTERVAL FLOOR(RAND() * 365) DAY)),
    (3, 1009, "אני מתרגש לזה!", DATE_ADD(CURDATE(), INTERVAL FLOOR(RAND() * 365) DAY)),
    (4, 1007, "חדשות טובות!", DATE_ADD(CURDATE(), INTERVAL FLOOR(RAND() * 365) DAY)),
    (4, 1008, "מצפה לזה!", DATE_ADD(CURDATE(), INTERVAL FLOOR(RAND() * 365) DAY)),
    (4, 1009, "מתרגש לשמוע עוד!", DATE_ADD(CURDATE(), INTERVAL FLOOR(RAND() * 365) DAY)),
    (5, 1007, "נשמע כמו הזדמנות נהדרת!", DATE_ADD(CURDATE(), INTERVAL FLOOR(RAND() * 365) DAY)),
    (5, 1008, "אני מעוניין!", DATE_ADD(CURDATE(), INTERVAL FLOOR(RAND() * 365) DAY)),
    (5, 1009, "מצפה לזה!", DATE_ADD(CURDATE(), INTERVAL FLOOR(RAND() * 365) DAY)),
    (6, 1007, "מתרגש להיות מעורב!", DATE_ADD(CURDATE(), INTERVAL FLOOR(RAND() * 365) DAY)),
    (6, 1008, "מצפה לזה!", DATE_ADD(CURDATE(), INTERVAL FLOOR(RAND() * 365) DAY)),
    (6, 1009, "אני מעוניין!", DATE_ADD(CURDATE(), INTERVAL FLOOR(RAND() * 365) DAY)),
    (7, 1007, "מצפה לזה!", DATE_ADD(CURDATE(), INTERVAL FLOOR(RAND() * 365) DAY)),
    (7, 1008, "מתרגש להצטרף!", DATE_ADD(CURDATE(), INTERVAL FLOOR(RAND() * 365) DAY)),
    (7, 1009, "אני מעוניין!", DATE_ADD(CURDATE(), INTERVAL FLOOR(RAND() * 365) DAY)),
    (8, 1007, "מתרגש להצטרף!", DATE_ADD(CURDATE(), INTERVAL FLOOR(RAND() * 365) DAY)),
    (8, 1008, "מצפה לזה!", DATE_ADD(CURDATE(), INTERVAL FLOOR(RAND() * 365) DAY)),
    (8, 1009, "אני מעוניין!", DATE_ADD(CURDATE(), INTERVAL FLOOR(RAND() * 365) DAY)),
    (9, 1007, "מצפה לזה!", DATE_ADD(CURDATE(), INTERVAL FLOOR(RAND() * 365) DAY)),
    (9, 1008, "מתרגש להצטרף!", DATE_ADD(CURDATE(), INTERVAL FLOOR(RAND() * 365) DAY)),
    (9, 1009, "אני מעוניין!", DATE_ADD(CURDATE(), INTERVAL FLOOR(RAND() * 365) DAY)),
    (10, 1007, "מתרגש להצטרף!", DATE_ADD(CURDATE(), INTERVAL FLOOR(RAND() * 365) DAY)),
    (10, 1008, "מצפה לזה!", DATE_ADD(CURDATE(), INTERVAL FLOOR(RAND() * 365) DAY)),
    (10, 1009, "אני מעוניין!", DATE_ADD(CURDATE(), INTERVAL FLOOR(RAND() * 365) DAY)),
    (11, 1007, "מצפה לזה!", DATE_ADD(CURDATE(), INTERVAL FLOOR(RAND() * 365) DAY)),
    (11, 1008, "מתרגש להצטרף!", DATE_ADD(CURDATE(), INTERVAL FLOOR(RAND() * 365) DAY)),
    (11, 1009, "אני מעוניין!", DATE_ADD(CURDATE(), INTERVAL FLOOR(RAND() * 365) DAY)),
    (12, 1007, "מתרגש להצטרף!", DATE_ADD(CURDATE(), INTERVAL FLOOR(RAND() * 365) DAY)),
    (12, 1008, "מצפה לזה!", DATE_ADD(CURDATE(), INTERVAL FLOOR(RAND() * 365) DAY)),
    (12, 1009, "אני מעוניין!", DATE_ADD(CURDATE(), INTERVAL FLOOR(RAND() * 365) DAY)),
    (13, 1007, "מצפה לזה!", DATE_ADD(CURDATE(), INTERVAL FLOOR(RAND() * 365) DAY)),
    (13, 1008, "מתרגש להצטרף!", DATE_ADD(CURDATE(), INTERVAL FLOOR(RAND() * 365) DAY)),
    (13, 1009, "אני מעוניין!", DATE_ADD(CURDATE(), INTERVAL FLOOR(RAND() * 365) DAY)),
    (14, 1007, "נשמע כמו הזדמנות נהדרת!", DATE_ADD(CURDATE(), INTERVAL FLOOR(RAND() * 365) DAY)),
    (14, 1008, "אני מעוניין!", DATE_ADD(CURDATE(), INTERVAL FLOOR(RAND() * 365) DAY)),
    (14, 1009, "מצפה לזה!", DATE_ADD(CURDATE(), INTERVAL FLOOR(RAND() * 365) DAY)),
    (15, 1007, "מתרגש להיות מעורב!", DATE_ADD(CURDATE(), INTERVAL FLOOR(RAND() * 365) DAY)),
    (15, 1008, "מצפה לזה!", DATE_ADD(CURDATE(), INTERVAL FLOOR(RAND() * 365) DAY)),
    (15, 1009, "אני מעוניין!", DATE_ADD(CURDATE(), INTERVAL FLOOR(RAND() * 365) DAY)),
    (16, 1007, "מצפה לזה!", DATE_ADD(CURDATE(), INTERVAL FLOOR(RAND() * 365) DAY)),
    (16, 1008, "מתרגש להצטרף!", DATE_ADD(CURDATE(), INTERVAL FLOOR(RAND() * 365) DAY)),
    (16, 1009, "אני מעוניין!", DATE_ADD(CURDATE(), INTERVAL FLOOR(RAND() * 365) DAY)),
    (17, 1007, "מתרגש להצטרף!", DATE_ADD(CURDATE(), INTERVAL FLOOR(RAND() * 365) DAY)),
    (17, 1008, "מצפה לזה!", DATE_ADD(CURDATE(), INTERVAL FLOOR(RAND() * 365) DAY)),
    (17, 1009, "אני מעוניין!", DATE_ADD(CURDATE(), INTERVAL FLOOR(RAND() * 365) DAY)),
    (18, 1007, "מצפה לזה!", DATE_ADD(CURDATE(), INTERVAL FLOOR(RAND() * 365) DAY)),
    (18, 1008, "מתרגש להצטרף!", DATE_ADD(CURDATE(), INTERVAL FLOOR(RAND() * 365) DAY)),
    (18, 1009, "אני מעוניין!", DATE_ADD(CURDATE(), INTERVAL FLOOR(RAND() * 365) DAY)),
    (19, 1007, "מתרגש להצטרף!", DATE_ADD(CURDATE(), INTERVAL FLOOR(RAND() * 365) DAY)),
    (19, 1008, "מצפה לזה!", DATE_ADD(CURDATE(), INTERVAL FLOOR(RAND() * 365) DAY)),
    (19, 1009, "אני מעוניין!", DATE_ADD(CURDATE(), INTERVAL FLOOR(RAND() * 365) DAY)),
    (20, 1007, "מצפה לזה!", DATE_ADD(CURDATE(), INTERVAL FLOOR(RAND() * 365) DAY)),
    (20, 1008, "מתרגש להצטרף!", DATE_ADD(CURDATE(), INTERVAL FLOOR(RAND() * 365) DAY)),
    (20, 1009, "אני מעוניין!", DATE_ADD(CURDATE(), INTERVAL FLOOR(RAND() * 365) DAY)),
    (21, 1007, "מתרגש להצטרף!", DATE_ADD(CURDATE(), INTERVAL FLOOR(RAND() * 365) DAY)),
    (21, 1008, "מצפה לזה!", DATE_ADD(CURDATE(), INTERVAL FLOOR(RAND() * 365) DAY)),
    (21, 1009, "אני מעוניין!", DATE_ADD(CURDATE(), INTERVAL FLOOR(RAND() * 365) DAY)),
    (22, 1007, "מצפה לזה!", DATE_ADD(CURDATE(), INTERVAL FLOOR(RAND() * 365) DAY)),
    (22, 1008, "מתרגש להצטרף!", DATE_ADD(CURDATE(), INTERVAL FLOOR(RAND() * 365) DAY)),
    (22, 1009, "אני מעוניין!", DATE_ADD(CURDATE(), INTERVAL FLOOR(RAND() * 365) DAY)),
    (23, 1007, "מתרגש להצטרף!", DATE_ADD(CURDATE(), INTERVAL FLOOR(RAND() * 365) DAY)),
    (23, 1008, "מצפה לזה!", DATE_ADD(CURDATE(), INTERVAL FLOOR(RAND() * 365) DAY)),
    (23, 1009, "אני מעוניין!", DATE_ADD(CURDATE(), INTERVAL FLOOR(RAND() * 365) DAY)),
    (24, 1007, "מצפה לזה!", DATE_ADD(CURDATE(), INTERVAL FLOOR(RAND() * 365) DAY)),
    (24, 1008, "מתרגש להצטרף!", DATE_ADD(CURDATE(), INTERVAL FLOOR(RAND() * 365) DAY)),
    (24, 1009, "אני מעוניין!", DATE_ADD(CURDATE(), INTERVAL FLOOR(RAND() * 365) DAY)),
    (25, 1007, "מתרגש להצטרף!", DATE_ADD(CURDATE(), INTERVAL FLOOR(RAND() * 365) DAY)),
    (25, 1008, "מצפה לזה!", DATE_ADD(CURDATE(), INTERVAL FLOOR(RAND() * 365) DAY)),
    (25, 1009, "אני מעוניין!", DATE_ADD(CURDATE(), INTERVAL FLOOR(RAND() * 365) DAY));

    -- Insert 10 rows into the deductions table
    INSERT INTO deductions (donation_id, user_id, date, name)
    VALUES
        (1, 1007, DATE_ADD(CURDATE(), INTERVAL FLOOR(RAND() * 365) DAY), "אביב"),
        (2, 1008, DATE_ADD(CURDATE(), INTERVAL FLOOR(RAND() * 365) DAY), "נועה"),
        (3, 1009, DATE_ADD(CURDATE(), INTERVAL FLOOR(RAND() * 365) DAY), "יעל"),
        (4, 1010, DATE_ADD(CURDATE(), INTERVAL FLOOR(RAND() * 365) DAY), "איתן"),
        (5, 1011, DATE_ADD(CURDATE(), INTERVAL FLOOR(RAND() * 365) DAY), "מיה"),
        (6, 1012, DATE_ADD(CURDATE(), INTERVAL FLOOR(RAND() * 365) DAY), "אדם"),
        (7, 1013, DATE_ADD(CURDATE(), INTERVAL FLOOR(RAND() * 365) DAY), "שירה"),
        (8, 1014, DATE_ADD(CURDATE(), INTERVAL FLOOR(RAND() * 365) DAY), "אורי"),
        (9, 1015, DATE_ADD(CURDATE(), INTERVAL FLOOR(RAND() * 365) DAY), "תמר"),
        (10, 1016, DATE_ADD(CURDATE(), INTERVAL FLOOR(RAND() * 365) DAY), "אילן");

    -- Insert 10 rows into the donations table
    INSERT INTO donations (donation_id, user_id, amount, date)
    VALUES
        (1, 1007, 100, DATE_ADD(CURDATE(), INTERVAL FLOOR(RAND() * 365) DAY)),
        (2, 1008, 200, DATE_ADD(CURDATE(), INTERVAL FLOOR(RAND() * 365) DAY)),
        (3, 1009, 300, DATE_ADD(CURDATE(), INTERVAL FLOOR(RAND() * 365) DAY)),
        (4, 1010, 400, DATE_ADD(CURDATE(), INTERVAL FLOOR(RAND() * 365) DAY)),
        (5, 1011, 500, DATE_ADD(CURDATE(), INTERVAL FLOOR(RAND() * 365) DAY)),
        (6, 1012, 600, DATE_ADD(CURDATE(), INTERVAL FLOOR(RAND() * 365) DAY)),
        (7, 1013, 700, DATE_ADD(CURDATE(), INTERVAL FLOOR(RAND() * 365) DAY)),
        (8, 1014, 800, DATE_ADD(CURDATE(), INTERVAL FLOOR(RAND() * 365) DAY)),
        (9, 1015, 900, DATE_ADD(CURDATE(), INTERVAL FLOOR(RAND() * 365) DAY)),
        (10, 1016, 1000, DATE_ADD(CURDATE(), INTERVAL FLOOR(RAND() * 365) DAY));
-- Insert 10 rows into the debts table
INSERT INTO debts (debt_id, user_id, amount, date)
VALUES
    (1, 1000, 1000, DATE_ADD(CURDATE(), INTERVAL FLOOR(RAND() * 365) DAY)),
    (2, 1001, 2000, DATE_ADD(CURDATE(), INTERVAL FLOOR(RAND() * 365) DAY)),
    (3, 1002, 3000, DATE_ADD(CURDATE(), INTERVAL FLOOR(RAND() * 365) DAY)),
    (4, 1003, 4000, DATE_ADD(CURDATE(), INTERVAL FLOOR(RAND() * 365) DAY)),
    (5, 1004, 5000, DATE_ADD(CURDATE(), INTERVAL FLOOR(RAND() * 365) DAY)),
    (6, 1005, 6000, DATE_ADD(CURDATE(), INTERVAL FLOOR(RAND() * 365) DAY)),
    (7, 1006, 7000, DATE_ADD(CURDATE(), INTERVAL FLOOR(RAND() * 365) DAY)),
    (8, 1007, 8000, DATE_ADD(CURDATE(), INTERVAL FLOOR(RAND() * 365) DAY)),
    (9, 1008, 9000, DATE_ADD(CURDATE(), INTERVAL FLOOR(RAND() * 365) DAY)),
    (10, 1009, 10000, DATE_ADD(CURDATE(), INTERVAL FLOOR(RAND() * 365) DAY));
